{
    "ar":               ["*.tar.bz2", "*.crx"],
    "ar-apk":           ["*.apk"],
    "ar-deb":           ["*.deb"],
    "ar-gz":            ["*.gz", "*.tar.gz", "*.tgz"],
    "ar-rar":           ["*.rar"],
    "ar-rpm":           ["*.rpm"],
    "ar-tar":           ["*.tar"],
    "ar-zip":           ["*.7z", "*.bz2", "*.jar", "*.lzma", "*.war", "*.z", "*.Z", "*.zip"],
    "aud":              ["*.aif", "*.aiff", "*.flac", "*.m4a", "*.mid", "*.mp3", "*.mpa", "*.ra", "*.ogg", "*.wav", "*.wma"],
    "aud-pls":          ["*.m3u", "*.m3u8", "*.pls"],
    "bin":              ["*.class", "*.o", "*.so"],
    "bin-exe":          ["*.bat", "*.cmd", "*.exe"],
    "img":              ["*.xpm"],
    "img-bmp":          ["*.bmp"],
    "img-gif":          ["*.gif"],
    "img-ico":          ["*.ico"],
    "img-jpg":          ["*.jpg", "*.jpeg"],
    "img-png":          ["*.png"],
    "img-raw":          ["*.cr2", "*.nef"],
    "img-svg":          ["*.svg"],
    "img-tiff":         ["*.tiff"],
    "txt":              ["*.text", "*.txt"],
    "txt-build":        ["*.pom", "build.xml", "pom.xml"],
    "txt-c":            ["*.c"],
    "txt-cpp":          ["*.cpp"],
    "txt-css":          ["*.css"],
    "txt-diff":         ["*.diff", "*.patch"],
    "txt-go":           ["*.go"],
    "txt-h":            ["*.h"],
    "txt-html":         ["*.htm", "*.html", "*.shtml", "*.xhtml"],
    "txt-hpp":          ["*.hpp"],
    "txt-java":         ["*.java"],
    "txt-scala":        ["*.scala"],
    "txt-js":           ["*.js"],
    "txt-json":         ["*.json"],
    "txt-less":         ["*.less"],
    "txt-log":          ["*.log", "changelog*"],
    "txt-md":           ["*.markdown", "*.md"],
    "txt-php":          ["*.php"],
    "txt-py":           ["*.py"],
    "txt-rb":           ["*.rb"],
    "txt-rss":          ["*.rss"],
    "txt-rtf":          ["*.rtf"],
    "txt-rust":         ["*.rs", "*.rlib"],
    "txt-script":       ["*.conf", "*.bsh", "*.csh", "*.ini", "*.ksh", "*.sh", "*.shar", "*.tcl", "*.zsh"],
    "txt-source":       [],
    "txt-tex":          ["*.tex"],
    "txt-vcal":         ["*.vcal"],
    "txt-xml":          ["*.xml"],
    "vid":              [],
    "vid-avi":          ["*.avi"],
    "vid-flv":          ["*.flv"],
    "vid-mkv":          ["*.mkv"],
    "vid-mov":          ["*.mov"],
    "vid-mp4":          ["*.mp4", "*.m4v"],
    "vid-mpg":          ["*.mpg"],
    "vid-rm":           ["*.rm"],
    "vid-swf":          ["*.swf"],
    "vid-ts":           ["*.ts"],
    "vid-vob":          ["*.vob"],
    "vid-webm":         ["*.webm"],
    "vid-wmv":          ["*.wmv"],
    "x":                [],
    "x-bak":            ["*.bak", "*~"],
    "x-calc":           ["*.ods", "*.ots", "*.xlr", "*.xls", "*.xlsx"],
    "x-disc":           ["*.cue", "*.iso"],
    "x-doc":            ["*.doc", "*.docx", "*.odm", "*.odt", "*.ott"],
    "x-draw":           ["*.drw"],
    "x-eps":            ["*.eps"],
    "x-pdf":            ["*.pdf"],
    "x-pres":           ["*.odp", "*.otp", "*.pps", "*.ppt", "*.pptx"],
    "x-ps":             ["*.ps"],
    "x-psd":            ["*.psd"]
}
